timestamp,url,text
2025-01-03 13:15:00+00:00,https://www.fool.com/investing/2025/01/03/better-buy-for-2025-exxonmobil-or-chevron/?source=iedfolrf0000001,"Better Buy for 2025: ExxonMobil or Chevron? The article compares investing in integrated energy companies Exxon and Chevron, highlighting their exposure to different energy segments, financial strength, and dividend track records. It concludes that Chevron's higher dividend yield makes it the better choice for income-focused investors, despite Exxon's slightly stronger performance."
2025-01-07 07:20:00+00:00,https://www.investing.com/analysis/pessimistic-oil-price-outlook-could-bode-well-for-energy-companies-200655929,"Pessimistic Oil Price Outlook Could Bode Well for Energy Companies The article suggests that the pessimistic outlook for oil prices in 2025 could actually benefit energy companies, as the consensus forecasts are likely too low. This could lead to an outperformance and upgrade cycle for the energy sector."
2025-01-07 17:57:00+00:00,https://www.globenewswire.com/news-release/2025/01/07/3005766/0/en/Immersion-Cooling-Fluids-Market-Set-For-8-2-Growth-Reaching-2-15-Billion-by-2032-Globally.html,"Immersion Cooling Fluids Market Set For 8.2% Growth, Reaching $2.15 Billion by 2032 Globally The global immersion cooling fluids market is expected to grow at a CAGR of 8.2% from 2023 to 2032, driven by increasing demand from data centers, EV batteries, and solar photovoltaic cells. The market is segmented by type, technology, and end-use, with North America and Asia-Pacific being the key regional markets."
2025-01-08 19:11:18+00:00,https://www.benzinga.com/25/01/42883747/goldman-sachs-cuts-exxon-mobils-q4-eps-forecast-cites-weakness-across-segments,"Goldman Sachs Flags Weak Q4 Guidance For Exxon Amid Weak Upstream And Chemical Results Goldman Sachs analyst Neil Mehta expressed concerns about Exxon Mobil's Q4 guidance, citing weaker-than-expected earnings in the Upstream, Downstream, and Chemicals segments."
2025-01-10 13:30:00+00:00,https://www.investing.com/analysis/q4-earnings-season-preview-sp-500-stocks-poised-for-strongest-growth-in-3-years-200656072,"Q4 Earnings Season Preview: S&P 500 Stocks Poised for Strongest Growth in 3 Years The S&P 500 is expected to report its highest year-over-year earnings growth rate in three years in Q4 2024, led by the Financials, Communication Services, and Information Technology sectors. However, the Energy sector is forecast to see a significant decline in earnings."
2025-01-12 08:05:00+00:00,https://www.fool.com/investing/2025/01/12/the-best-energy-stock-to-invest-500-in-right-now/?source=iedfolrf0000001,"The Best Energy Stocks to Invest $500 in Right Now The article discusses four energy stocks that investors can consider for a $500 investment: ExxonMobil, Chevron, Enterprise Products Partners, and Enbridge. It highlights the volatility of the energy sector but suggests that investors should have some exposure to it, and these companies offer reliable dividends and diversified portfolios."
2025-01-13 08:00:00+00:00,https://www.globenewswire.com/news-release/2025/01/13/3008135/0/en/Unlock-Opportunities-and-Challenges-in-the-Aviation-Fuel-Market-Grow-at-13-7-CAGR-Through-2030.html,"Unlock Opportunities and Challenges in the Aviation Fuel Market: Grow at 13.7% CAGR Through 2030! The global aviation fuel market is expected to grow significantly, driven by the demand for sustainable aviation fuel (SAF) to reduce emissions. Key challenges include the high cost of SAF approval and certification."
2025-01-16 14:49:42+00:00,https://www.benzinga.com/news/large-cap/25/01/43030219/trump-cabinet-picks-scott-bessent-doug-burgum-to-appear-for-senate-confirmation-hearings-thursday,"Trump Cabinet Picks Scott Bessent, Doug Burgum To Appear For Senate Confirmation Hearings Thursday President-elect Donald Trump's picks for several cabinet positions, including Interior, Treasury, EPA, and HUD, are set to begin the confirmation process on Thursday. Doug Burgum, Trump's pick for Interior, is expected to shift policies in favor of drilling, which could benefit large oil companies."
2025-01-16 17:21:53+00:00,https://www.benzinga.com/economics/macro-economic-events/25/01/43036184/us-energy-sector-had-a-strong-start-to-2025-analysts-eye-constructive-setup-for-c,"US Energy Sector Enjoys Strong Start To 2025, Analysts Eye 'Constructive Setup' For Chevron The US energy sector has seen a strong start to 2025, with the Energy Select Sector SPDR Fund (XLE) surging over 8% in the first half of January. This is driven by rising oil prices, which have topped $80 per barrel, and tightening global oil supply due to US sanctions on Russia. Analysts have a positive sentiment on Chevron (CVX), citing an expected production and free cash flow boost, strong shareholder returns, and improving operational execution."
2025-01-18 11:18:00+00:00,https://www.fool.com/investing/2025/01/18/3-super-safe-dividend-stocks-to-buy-for-2025-and-b/?source=iedfolrf0000001,"3 Super-Safe Dividend Stocks to Buy for 2025 and Beyond The article highlights three companies with strong financial profiles and stable dividends: Johnson & Johnson, ExxonMobil, and Realty Income. These companies are expected to continue increasing their dividends due to their robust cash flows, low debt levels, and growth prospects."
2025-01-20 02:00:00+00:00,https://www.globenewswire.com/news-release/2025/01/20/3011825/0/en/Global-Chemical-Industry-Outlook-worth-6-324-billion-by-2025-at-a-CAGR-of-2-3-says-MarketsandMarkets.html,"Global Chemical Industry Outlook worth $6,324 billion by 2025, at a CAGR of 2.3%, says MarketsandMarkets™ The global chemical industry is expected to grow from $6,182 billion in 2024 to $6,324 billion by 2025, a 2.3% increase. The industry faced challenges in 2023 but is recovering, with the Asia-Pacific region leading the growth."
2025-01-20 14:54:00+00:00,https://www.globenewswire.com/news-release/2025/01/20/3012152/28124/en/Oil-and-Gas-Sector-Strategies-for-Carbon-Capture-Utilisation-and-Storage-CCUS-Research-Report-2024-Exxon-Mobil-Chevron-and-QatarEnergy-Currently-Lead-the-Market-Forecasts-to-2030.html,"Oil and Gas Sector Strategies for Carbon Capture, Utilisation and Storage (CCUS) Research Report 2024: Exxon Mobil, Chevron and QatarEnergy Currently Lead the Market - Forecasts to 2030 The oil and gas industry continues to be a major driver of the CCUS market, with companies like ExxonMobil, Chevron, and QatarEnergy leading in CCUS capacity. The industry is establishing itself as both an owner and operator across the CCUS value chain, with a trend towards risk-sharing through consortiums."
2025-01-21 11:30:00+00:00,https://www.fool.com/investing/2025/01/21/3-unstoppable-dividend-stocks-buy-2025/?source=iedfolrf0000001,"3 Unstoppable Dividend Stocks to Buy Even if There's a Stock Market Sell-Off in 2025 The article recommends three stocks that can withstand a potential market sell-off in 2025: ExxonMobil, Illinois Tool Works, and the JPMorgan Equity Premium Income ETF. These companies are expected to maintain or even raise their dividends during a downturn."
2025-01-22 11:45:00+00:00,https://www.fool.com/investing/2025/01/22/buy-exxonmobil-chevron-oil-dividend-stock/?source=iedfolrf0000001,"Are ExxonMobil and Chevron the Best High-Yield Energy Stocks to Buy Now That Oil Just Topped $80 per Barrel? The article discusses whether ExxonMobil and Chevron are good high-yield energy stock options to buy now that oil prices have topped $80 per barrel. It compares these major oil companies to more leveraged exploration and production (E&P) companies, noting that the majors may not see as much upside but are more reliable during downturns."
2025-01-24 19:38:38+00:00,https://www.benzinga.com/analyst-ratings/analyst-color/25/01/43200965/goldman-sachs-stays-on-the-sidelines-on-exxon-mobil-heres-why,"Goldman Sachs Stays On The Sidelines On Exxon Mobil - Here's Why Goldman Sachs cut Exxon Mobil's price target to $123, citing lower Q4 earnings due to weaker oil prices. The analyst maintained a Neutral rating, as strong execution offsets valuation concerns."
2025-01-26 14:45:00+00:00,https://www.fool.com/investing/2025/01/26/kinder-morgan-buy-high-yield-dividend-stock-2025/?source=iedfolrf0000001,"Kinder Morgan Expects Growth to Continue in 2025, but Is the High-Yield Dividend Stock a Buy Now? Kinder Morgan reported strong 2024 results and expects further growth in 2025, driven by increased energy infrastructure demand. However, the stock's valuation is no longer as attractive, making it a decent but not screaming buy compared to other major oil and gas companies."
2025-01-27 17:30:00+00:00,https://www.globenewswire.com/news-release/2025/01/27/3015864/0/en/Hydrogen-Energy-Storage-Market-is-Poised-to-Attain-Valuation-of-US-31-04-Billion-By-2033-Astute-Analytica.html,"Hydrogen Energy Storage Market is Poised to Attain Valuation of US$ 31.04 Billion By 2033 | Astute Analytica The global hydrogen energy storage market is expected to reach $31.04 billion by 2033, growing at a CAGR of 7.2%. The market is driven by increasing demand for clean energy solutions, government incentives, and corporate interest. However, high production costs, limited infrastructure, and regulatory uncertainties pose challenges to the industry."
2025-01-28 13:05:00+00:00,https://www.investing.com/analysis/why-these-3-stocks-with-high-call-option-volume-deserve-attention-200656706,"Why These 3 Stocks With High Call Option Volume Deserve Attention Investors are closely watching 3M, Vale, and Exxon Mobil due to high call option volume, indicating bullish sentiment on these stocks. Analysts have issued positive ratings and price targets, suggesting these stocks may see further upside in the near future."
2025-01-30 09:40:00+00:00,https://www.globenewswire.com/news-release/2025/01/30/3017767/28124/en/Global-Oil-Refining-Industry-Report-2025-Key-Developments-Investment-Opportunities-and-Regional-Insights.html,"Global Oil Refining Industry Report 2025: Key Developments, Investment Opportunities and Regional Insights The report provides an in-depth analysis of the global oil refining industry, including forecasts of refining capacity, production, and demand, as well as details on major players and investment opportunities across different regions."
2025-01-31 14:16:05+00:00,https://www.fool.com/data-news/2025/01/31/exxonmobil-q4-strong-eps-revenue-falls-short/?source=iedfolrf0000001,"ExxonMobil: Solid EPS, But Revenue Miss ExxonMobil reported mixed Q4 2024 results, with stronger-than-expected earnings but lower-than-anticipated revenue. The upstream segment showed strong performance, while the energy products segment saw a significant decline in earnings. The company remains focused on cost efficiency, exploration, and transitioning to lower-emission opportunities."
2025-01-31 21:16:00+00:00,https://www.benzinga.com/pressreleases/25/01/n43404479/north-european-oil-royalty-trust-announces-the-distribution-for-the-first-quarter-of-fiscal-2025,"NORTH EUROPEAN OIL ROYALTY TRUST ANNOUNCES THE DISTRIBUTION FOR THE FIRST QUARTER OF FISCAL 2025 North European Oil Royalty Trust announced a reduced quarterly distribution for the first quarter of fiscal 2025, primarily due to negative adjustments from the previous year under its royalty agreements with Mobil and OEG."
2025-02-02 12:06:00+00:00,https://www.fool.com/investing/2025/02/02/exxonmobil-dominated-last-year-delivering-1-of-its/?source=iedfolrf0000001,"ExxonMobil Dominated Last Year, Delivering 1 of Its Best Performances of the Past 10 Years ExxonMobil had a strong financial performance in 2022, with over $33 billion in earnings and $55 billion in cash flow from operations. This was achieved through record production, cost savings, and investments in its best assets like Guyana and the Permian Basin."
2025-02-03 15:29:00+00:00,https://www.investing.com/analysis/exxon-vs-chevron-which-is-the-better-dividend-aristocrat-200656917,"Exxon Vs. Chevron: Which is the Better Dividend Aristocrat? The article compares the Q4 2024 earnings of ExxonMobil and Chevron, the two major US oil companies, and analyzes their positioning under the Trump administration's policies aimed at boosting domestic energy production and lowering oil prices."
2025-02-04 08:41:00+00:00,https://www.fool.com/investing/2025/02/04/exxonmobil-has-built-a-juggernaut-in-the-oil-patch/?source=iedfolrf0000001,"ExxonMobil Has Built a Juggernaut in the Oil Patch ExxonMobil is the unrivaled leader in the oil industry, with a best-in-class asset base and disciplined investment strategy that have enabled it to outperform its peers in earnings, cash flow, and shareholder returns. The company is well-positioned to continue this dominance, with plans to further enhance its asset portfolio, product mix, and operational efficiency."
2025-02-04 09:33:00+00:00,https://www.fool.com/investing/2025/02/04/buy-high-yield-dividend-stock-exxonmobil-chevron/?source=iedfolrf0000001,"3 Reasons Why High-Yield Dividend Stocks ExxonMobil and Chevron Are No-Brainer Buys in February ExxonMobil and Chevron, two major oil and gas companies, are considered good investment options despite lower oil and gas prices and refining margins. The companies have strong balance sheets, high dividend yields, and the ability to navigate cyclical downturns, making them attractive for passive income investors."
2025-02-04 16:21:14+00:00,https://www.benzinga.com/economics/macro-economic-events/25/02/43469234/trump-prepares-maximum-pressure-on-iran-oil-jumps-above-73-energy-stocks-rally,"Trump Prepares Maximum Pressure On Iran: Oil Jumps Above $73, Energy Stocks Rally Trump's directive to impose maximum economic pressure on Iran fuels an oil price rally, boosting energy stocks like Chevron and Exxon Mobil."
2025-02-06 15:00:00+00:00,https://www.globenewswire.com/news-release/2025/02/06/3022157/0/en/Hot-Melt-Adhesives-HMA-Market-to-USD-12-10-Billion-by-2032-Owing-to-Surge-in-Demand-for-Efficient-Packaging-Solutions.html,"Hot Melt Adhesives (HMA) Market to USD 12.10 Billion by 2032 Owing to Surge in Demand for Efficient Packaging Solutions The hot melt adhesives (HMA) market is expected to grow from $8.44 billion in 2023 to $12.10 billion by 2032, driven by the rising demand for efficient packaging solutions, particularly in the e-commerce and food and beverage industries. The market is dominated by the Ethylene Vinyl Acetate (EVA) segment and the packaging application, with the Asia Pacific region leading the growth."
2025-02-07 17:13:46+00:00,https://www.benzinga.com/news/earnings/25/02/43567475/amazon-vs-walmart-did-amazons-q4-revenue-beat-the-worlds-largest-retailer,"Amazon Vs. Walmart: Did Amazon's Q4 Revenue Beat 'The World's Largest Retailer'? Amazon may have surpassed Walmart in quarterly revenue for Q4, with Amazon reporting $187.79 billion in revenue compared to Walmart's estimated $180.08 billion. This was driven by strong growth in Amazon's cloud business and a successful holiday season."
2025-02-12 12:29:44+00:00,https://www.benzinga.com/general/entertainment/25/02/43653877/lucky-illinois-resident-hits-10-million-lottery-jackpot-in-chicago-suburb,"Lucky Illinois Resident Hits $10 Million Lottery Jackpot In Chicago Suburb A single ticket purchased at a Mobil gas station in Des Plaines, Illinois, won a $10.4 million lottery jackpot, marking the second major lottery win in the suburb in recent years."
2025-02-12 23:47:00+00:00,https://www.fool.com/investing/2025/02/12/why-investors-shunned-energy-stocks-today/?source=iedfolrf0000001,"Why Investors Shunned Energy Stocks Today Oil stocks like ConocoPhillips, ExxonMobil, and Equinor ASA fell on Wednesday as oil prices eased amid progress in Ukraine peace talks and higher-than-expected inflation, which could make bonds more attractive. However, the article suggests these stocks will likely bounce back as demand remains strong."
2025-02-14 09:20:00+00:00,https://www.fool.com/investing/2025/02/14/big-results-devon-energy-exxonmobil-chevron/?source=iedfolrf0000001,"With Little Moves and Big Results, Devon Energy Is Succeeding in ExxonMobil and Chevron's Shadow Devon Energy, a smaller upstream energy company, is growing its business through strategic acquisitions, even as industry giants ExxonMobil and Chevron focus on larger deals. This allows Devon to benefit more from its acquisitions compared to the larger companies."
2025-02-19 10:12:00+00:00,https://www.fool.com/investing/2025/02/19/this-top-oil-stock-makes-another-big-move-to-bolst/?source=iedfolrf0000001,"This Top Oil Stock Makes Another Big Move to Bolster Its Position Against Rivals ExxonMobil and Occidental Petroleum Diamondback Energy, a leading Permian Basin oil producer, has agreed to acquire Double Eagle IV Midco for $4.1 billion, further expanding its position in the region and strengthening its ability to compete against larger rivals like ExxonMobil and Occidental Petroleum."
2025-02-22 08:41:00+00:00,https://www.fool.com/investing/2025/02/22/chevron-buy-sell-or-hold/?source=iedfolrf0000001,"Chevron: Buy, Sell, or Hold? Chevron, a major oil and gas company, has weathered the volatility in the industry, using its windfall profits to strengthen its balance sheet and return capital to shareholders. However, the cyclical nature of the business and ongoing arbitration dispute over a proposed merger with Hess create some uncertainty for investors."
2025-02-28 10:06:00+00:00,https://www.fool.com/investing/2025/02/28/wall-street-greatest-dividend-stock-made-history/?source=iedfolrf0000001,"Wall Street's Greatest Dividend Stock Just Made History Again -- and 99.9% of Investors Have Never Heard of This Small-Cap Company York Water, a small-cap water utility company, has paid a continuous dividend for 209 consecutive years, the longest streak of any U.S. company. The company's predictable cash flow, regulated pricing, and strategic acquisitions have enabled its long-standing dividend payments."
2025-03-02 15:14:00+00:00,https://www.fool.com/investing/2025/03/02/getting-a-tax-refund-3-oil-stocks-to-buy-with-your/?source=iedfolrf0000001,"Getting a Tax Refund? 3 Oil Stocks to Buy With Your Refund Check. The article discusses three top oil stocks to consider investing your tax refund in - TotalEnergies, ExxonMobil, and Chevron. It highlights the growth potential, cost-cutting measures, and dividend-paying abilities of these companies as reasons to invest."
2025-03-03 02:24:00+00:00,https://www.fool.com/investing/2025/03/02/want-decades-of-passive-income-3-stocks-to-buy-rig/?source=iedfolrf0000001,"Want Decades of Passive Income? 3 Stocks to Buy Right Now. The article discusses three dividend-paying stocks that could provide consistent passive income for investors: Coca-Cola, ExxonMobil, and York Water. These companies have long histories of paying and raising dividends, making them attractive options for those seeking reliable income streams."
2025-03-03 13:15:00+00:00,https://www.fool.com/investing/2025/03/03/devon-energy-buy-sell-or-hold/?source=iedfolrf0000001,"Devon Energy: Buy, Sell, or Hold? Devon Energy is a pure-play upstream energy producer, making it a volatile investment due to swings in oil and gas prices. Conservative investors may prefer more diversified integrated energy companies, but aggressive investors could see Devon as a way to leverage rising energy prices. The company has a strong balance sheet and a clear path for continued success, but its stock price will fluctuate with commodity prices."
2025-03-05 10:21:00+00:00,https://www.fool.com/investing/2025/03/05/this-top-energy-etf-holds-112-stocks-but-these-2-m/?source=iedfolrf0000001,"This Top Energy ETF Holds 112 Stocks. But These 2 Make Up Over 33% of Its Holdings. The Vanguard Energy ETF (VDE) holds 112 energy stocks, but two of its top holdings, ExxonMobil (XOM) and Chevron (CVX), make up over 33% of the ETF's total assets. While this high concentration raises some concerns, the article argues that these two oil giants are among the best in the industry and their strong performance could benefit the ETF."
2025-03-05 21:11:22+00:00,https://www.fool.com/investing/2025/03/05/why-oil-and-gas-giants-exxonmobil-chevron-and-cono/?source=iedfolrf0000001,"Why Oil and Gas Giants ExxonMobil, Chevron, and ConocoPhilips Were Down Today on an Up Day for the Market Oil and gas giants ExxonMobil, Chevron, and ConocoPhillips saw their shares decline despite a broader market upturn, due to concerns over lower demand and increased supply, as well as economic uncertainty from factors like tariff policies and potential sanctions relief for Russia."
2025-03-06 11:15:00+00:00,https://www.fool.com/investing/2025/03/06/3-no-brainer-energy-stocks-to-buy-with-500-right/?source=iedfolrf0000001,"3 No-Brainer Energy Stocks to Buy With $500 Right Now The energy sector has faced volatility and underperformance recently due to slower economic growth and stabilizing energy prices. However, major oil companies like ExxonMobil and Chevron are adopting a disciplined approach to capital management, focusing on strategic deployment and rewarding shareholders. Enterprise Products Partners, a midstream provider, also offers an attractive dividend yield backed by stable cash flows."
2025-03-06 14:07:00+00:00,https://www.fool.com/investing/2025/03/06/want-decades-of-passive-income-buy-this-etf-and-ho/?source=iedfolrf0000001,"Want Decades of Passive Income? Buy This ETF and Hold It Forever. The article discusses the Vanguard High Dividend Yield ETF (VYM), which invests in large-cap stocks with high dividend yields. The ETF has a low expense ratio, a solid history of dividend growth, and the potential for excellent long-term returns through capital appreciation and dividend income."
2025-03-07 12:40:52+00:00,https://www.benzinga.com/25/03/44188315/germany-could-meet-its-lithium-needs-from-domestic-sources-study-says,"Germany Could Meet Its Lithium Needs From Domestic Sources, Study Says A new study suggests that Germany could have enough lithium reserves to meet its domestic needs, reducing reliance on imports. The study highlights the potential of extracting lithium from deep underground waters, which could offer a more environmentally friendly solution compared to traditional methods."
2025-03-13 09:33:00+00:00,https://www.fool.com/investing/2025/03/13/where-will-exxonmobil-be-in-5-years/?source=iedfolrf0000001,"Where Will ExxonMobil Be in 5 Years? ExxonMobil has a bold plan to grow its earnings and cash flow by $20 billion and $30 billion, respectively, by 2030. The company plans to invest heavily in its best assets while also reducing structural costs. This strategy positions ExxonMobil to produce a significant amount of surplus cash that it can return to investors."
2025-03-15 08:07:00+00:00,https://www.fool.com/investing/2025/03/15/want-decades-passive-income-3-best-oil-stocks-buy/?source=iedfolrf0000001,"Want Decades of Passive Income? 3 Best Oil Stocks to Buy Right Now The article discusses three oil and gas stocks - Enbridge, Enterprise Products Partners, and ExxonMobil - that offer high dividend yields and potential for consistent dividend growth. The author believes these stocks are good long-term investments for passive income."
2025-03-16 08:30:00+00:00,https://www.fool.com/investing/2025/03/16/trumps-energy-plans-2-hot-oil-stocks-that-could-so/?source=iedfolrf0000001,"Trump's Energy Plans: 2 Hot Oil Stocks That Could Soar Over the Next 5 Years The article discusses how Trump's energy policies, including boosting oil and gas production, could benefit certain oil stocks. It highlights ExxonMobil and Enterprise Products Partners as two stocks that could thrive under Trump's energy plans."
2025-03-16 13:10:00+00:00,https://www.fool.com/investing/2025/03/16/what-if-trumps-energy-plan-fails-these-3-energy-gi/?source=iedfolrf0000001,"What If Trump's Energy Plan Fails? These 3 Energy Giants (and Their Dividends) Will Be Just Fine. The article discusses how three major energy companies - ExxonMobil, Chevron, and TotalEnergies - are well-positioned to weather changes in the energy landscape, regardless of the success or failure of President Trump's energy plan. These companies have diversified business models, strong balance sheets, and reliable dividend histories that make them resilient to political and economic shifts."
2025-03-17 12:00:00+00:00,https://www.globenewswire.com/news-release/2025/03/17/3043623/0/en/Global-Metalworking-Fluids-Market-Poised-for-Growth-as-Industries-Demand-High-Performance-Lubrication-Solutions-Future-Market-Insights-Inc.html,"Global Metalworking Fluids Market Poised for Growth as Industries Demand High-Performance Lubrication Solutions | Future Market Insights, Inc. The global metalworking fluids market is experiencing growing demand driven by advancements in manufacturing and the need for high-performance, sustainable, and cost-effective lubricants. Synthetic and semi-synthetic fluids are gaining popularity, and the market is evolving to accommodate eco-friendly solutions."
2025-03-22 15:10:00+00:00,https://www.fool.com/investing/2025/03/22/heres-the-proof-that-exxonmobil-is-back-on-top/?source=iedfolrf0000001,"Here's the Proof That ExxonMobil Is Back on Top Exxon Mobil, a diversified energy company, has a history of weathering industry downturns through its conservative capital structure and efficient use of capital. The company's return on capital employed (ROCE) has remained strong relative to its peers, and it has maintained a growing dividend despite volatility in the energy sector."
2025-03-26 22:29:00+00:00,https://www.fool.com/investing/2025/03/26/prediction-chevron-will-soar-over-the-next-2-years/?source=iedfolrf0000001,"Prediction: Chevron Will Soar Over the Next 2 Years. Here's 1 Reason Why. Chevron's acquisition of Hess is facing uncertainty due to a change-of-control clause related to Exxon's joint development agreement in Guyana. However, the author predicts that Chevron will win the arbitration case, as the acquisition would expand Chevron's onshore and offshore operations, leading to a surge in free cash flow and stock price."
2025-03-30 09:09:00+00:00,https://www.fool.com/investing/2025/03/30/even-though-oil-prices-are-down-these-3-energy-sto/?source=iedfolrf0000001,"Even Though Oil Prices Are Down, These 3 Energy Stocks Have Plenty of Fuel to Continue Growing Despite the recent decline in oil prices, the article highlights three energy stocks - ExxonMobil, Plains All American Pipeline, and Chevron - that are well-positioned to continue growing due to their strong balance sheets, stable cash flows, and growth plans."
2025-03-30 13:17:00+00:00,https://www.investing.com/analysis/1-stock-to-buy-1-stock-to-sell-this-week-exxonmobil-general-motors-200658859,"1 Stock to Buy, 1 Stock to Sell This Week: ExxonMobil, General Motors ExxonMobil is expected to benefit from Trump's trade and energy policies, while General Motors faces challenges from new tariffs on imported vehicles and components."
2025-04-02 13:45:00+00:00,https://www.fool.com/investing/2025/04/02/warren-buffett-approach-to-buying-stocks-in-a-down/?source=iedfolrf0000001,Warren Buffett's Approach to Buying Stocks in a Downturn Is Similar to How He Views Shopping Warren Buffett's investment strategy during market downturns is to focus on buying quality stocks at discounted prices. The article suggests investing in the Vanguard Value Index Fund ETF (VTV) as a diversified way to gain exposure to value stocks.
2025-04-04 14:00:00+00:00,https://www.globenewswire.com/news-release/2025/04/04/3056016/0/en/Heat-Transfer-Fluids-Market-Projected-to-Reach-USD-7-24-Billion-by-2032-Increasing-Demand-for-Energy-Efficient-Systems-Driving-Market-Growth.html,"Heat Transfer Fluids Market Projected to Reach USD 7.24 Billion by 2032 | Increasing Demand for Energy-Efficient Systems Driving Market Growth The heat transfer fluids market is projected to reach USD 7.24 billion by 2032, driven by the increasing demand for energy-efficient systems across diverse industries, particularly in power generation, chemical processing, and automotive manufacturing."
2025-04-05 22:05:00+00:00,https://www.fool.com/investing/2025/04/05/energy-stocks-soaring-buy-high-yield-oil-stocks/?source=iedfolrf0000001,"Energy Stocks Are Soaring. 3 High-Yield Oil Stocks to Buy Now. The article discusses three major energy companies - ExxonMobil, Chevron, and ConocoPhillips - that are well-positioned to generate strong free cash flow and return capital to shareholders through dividends and buybacks, even at current oil price levels."
2025-04-08 12:41:00+00:00,https://www.investing.com/analysis/who-led-buybacks-to-end-2024-hint-it-wasnt-big-tech-200659223,"Who Led Buybacks to End 2024? Hint: It Wasn’t Big Tech In the last quarter of 2024, major non-tech companies like UnitedHealth Group, Kroger, and Exxon Mobil spent significantly more on share buybacks than big tech firms like Apple, Alphabet, Meta, and Microsoft."
2025-04-08 16:24:17+00:00,https://www.fool.com/investing/2025/04/08/why-exxonmobil-stock-soared-q1-while-sp500/?source=iedfolrf0000001,"Why ExxonMobil Stock Soared 10.6% in Q1 While the S&P 500 Had Its Worst Quarter Since 2022 ExxonMobil's stock soared 10.6% in Q1 2025 despite the S&P 500's 4.6% drop, driven by strong financial performance, cost savings, and plans for future growth. However, the gains were short-lived as the stock gave up its Q1 gains due to falling oil prices and broader market turmoil."
2025-04-15 09:55:00+00:00,https://www.fool.com/investing/2025/04/15/buy-dividend-stocks-nasdaq-bear-market-exxonmobil/?source=iedfolrf0000001,"Thinking About Buying Dividend Stocks During the 2025 Nasdaq Bear Market? Consider These Risks First. The article discusses the risks of buying dividend stocks during a bear market, highlighting the importance of targeting companies with reliable payouts, strong balance sheets, and competitive advantages. ExxonMobil is presented as an example of a dividend stock that can withstand a prolonged slowdown."
2025-04-15 11:09:00+00:00,https://www.fool.com/investing/2025/04/15/desiring-durable-passive-income-during-an-economic/?source=iedfolrf0000001,"Desiring Durable Passive Income During an Economic Downturn? These Elite Dividend Stocks Have Hiked Their Payouts In Each of the Last 4 Recessions. ExxonMobil and Coca-Cola have proven their ability to weather recessions by increasing their dividends throughout the last four recessions. These companies have strong cash flows, balance sheets, and growth prospects, making them well-positioned to continue raising their dividends during the next downturn."
2025-04-16 08:35:00+00:00,https://www.fool.com/investing/2025/04/16/got-2000-to-invest-this-is-1-of-the-smartest-vangu/?source=iedfolrf0000001,"Got $2,000 to Invest? This Is 1 of the Smartest Vanguard ETFs to Buy and Hold for 20 Years. The Vanguard Dividend Appreciation ETF (VIG) is a smart fund to buy and hold for 20 years, as it focuses on companies that have consistently increased their dividends for at least 10 years, which have historically delivered the highest total returns with the lowest risk."
2025-04-17 14:00:00+00:00,https://www.globenewswire.com/news-release/2025/04/17/3063526/0/en/Synthetic-Rubber-Market-to-Surpass-USD-51-39-Billion-by-2032-Fueled-by-Sustainability-Initiatives-and-Rising-Automotive-Demand-Research-by-SNS-Insider.html,"Synthetic Rubber Market to Surpass USD 51.39 Billion by 2032, Fueled by Sustainability Initiatives and Rising Automotive Demand | Research by SNS Insider The synthetic rubber market is expected to grow significantly, driven by rising automotive demand and a shift towards sustainable manufacturing practices. Key players in the industry are investing in innovative solutions to meet environmental standards and improve product performance."
2025-04-17 18:18:12+00:00,https://www.fool.com/investing/2025/04/17/why-oil-and-gas-stocks-rallied-on-thursday/?source=iedfolrf0000001,"Why Oil and Gas Stocks Rallied on Thursday Oil and gas stocks rallied due to new sanctions on Iran, but the overall outlook for the sector remains bearish amid global economic uncertainty and potential drop in demand from the U.S. and China."
2025-04-18 07:34:00+00:00,https://www.fool.com/investing/2025/04/18/2-no-brainer-high-yield-energy-stocks-to-buy-with/?source=iedfolrf0000001,"2 No-Brainer High-Yield Energy Stocks to Buy With $2,000 Right Now The article compares the financial stability and dividend performance of integrated energy giants Exxon and Chevron to the more volatile upstream company Devon Energy. It recommends Exxon and Chevron as better choices for conservative income investors seeking energy exposure."
2025-04-21 14:00:00+00:00,https://www.globenewswire.com/news-release/2025/04/21/3064725/0/en/Butane-Market-Projected-to-Reach-USD-163-23-Billion-by-2032-Expanding-LPG-Applications-and-Petrochemical-Demand-Propel-Market-Growth.html,"Butane Market Projected to Reach USD 163.23 Billion by 2032 | Expanding LPG Applications and Petrochemical Demand Propel Market Growth The global butane market is projected to reach USD 163.23 billion by 2032, driven by rising demand for liquefied petroleum gas (LPG) and petrochemical production. Key factors include expanding energy consumption, urbanization, and regulatory support for cleaner fuels."
2025-04-22 16:22:00+00:00,https://www.investing.com/analysis/occidental-petroleum-unpacking-its-onshore-oil--gas-strength-200659818,"Occidental Setup: What $64 Oil Means for Production, Margins, and Cash Flow Occidental Petroleum, a major oil and gas producer in the Permian Basin, is well-positioned to weather the current $64 oil price environment due to its low-cost operations and significant inventory of profitable wells."
2025-04-23 01:33:00+00:00,https://www.fool.com/investing/2025/04/22/3-magnificent-sp-500-dividend-stocks-down-15-to-bu/?source=iedfolrf0000001,"3 Magnificent S&P 500 Dividend Stocks Down 15% to Buy and Hold Forever The article discusses three stocks - ExxonMobil, Federal Realty Investment Trust, and PepsiCo - that have seen their share prices decline by 15% or more from recent peaks, but have strong dividend growth histories and appear attractive for investors seeking durable dividend income during the current market downturn."
2025-04-26 18:33:00+00:00,https://www.fool.com/investing/2025/04/26/exxonmobil-continues-to-capture-more-of-this-poten/?source=iedfolrf0000001,"ExxonMobil Continues to Capture More of This Potentially $4 Trillion Future Market Opportunity ExxonMobil is emerging as a leader in the carbon capture and sequestration (CCS) market, which it believes could be worth $4 trillion by 2050. The company has signed multiple contracts to transport and store carbon dioxide for various customers, providing it with stable revenue and reducing the impact of oil price volatility."
2025-04-26 22:23:00+00:00,https://www.fool.com/investing/2025/04/26/3-no-brainer-energy-stocks-to-buy-with-500-right-n/?source=iedfolrf0000001,"3 No-Brainer Energy Stocks to Buy With $500 Right Now The article discusses how the growth of artificial intelligence and domestic manufacturing in the U.S. is leading to increased energy needs. It highlights three stocks that could benefit from this trend: ExxonMobil, Enterprise Products Partners, and Cameco Corporation."
2025-04-27 10:05:00+00:00,https://www.fool.com/investing/2025/04/27/the-smartest-oil-stocks-to-buy-with-1000-right-now/?source=iedfolrf0000001,"The Smartest Oil Stocks to Buy With $1,000 Right Now ConocoPhillips is a pure-play upstream oil and gas company, making it highly dependent on volatile commodity prices. Investors may be better off with more diversified energy companies like Chevron and ExxonMobil, which have stronger balance sheets and more stable dividends."
2025-04-30 08:58:00+00:00,https://www.globenewswire.com/news-release/2025/04/30/3071072/28124/en/Iraq-Oil-and-Gas-Market-Analysis-and-Growth-Forecasts-2025-2030-Data-for-Upstream-Midstream-Transportation-Storage-and-Downstream-Refineries-Petrochemicals-Plants-Market.html,"Iraq Oil and Gas Market Analysis and Growth Forecasts (2025-2030): Data for Upstream, Midstream (Transportation, Storage) and Downstream (Refineries, Petrochemicals Plants) Market The Iraq oil and gas market is expected to grow at a CAGR of over 2.4% during 2025-2030, driven by the upstream sector and increasing natural gas production. The market is moderately consolidated with major players like ExxonMobil, BP, and Lukoil."
2025-05-02 09:01:00+00:00,https://www.investing.com/analysis/exxon-chevron-q1-earnings-on-deck-oil-price-plunge-puts-the-squeeze-on-results-200660260,"Exxon, Chevron Q1 Earnings on Deck: Oil Price Plunge Puts the Squeeze on Results Exxon Mobil and Chevron are set to report Q1 earnings, with lower oil prices expected to significantly impact their financial results. Analysts forecast declines in earnings for both companies, as the oil price plunge puts pressure on their operations."
2025-05-02 11:52:03+00:00,https://www.fool.com/investing/breakfast-news/2025/05/02/breakfast-news-china-considers-trade-talks/?source=iedfolrf0000001,"Breakfast News: China Considers Trade Talks China is considering starting trade talks with the U.S., which could ease tensions between the two countries. However, Apple and Amazon reported mixed quarterly earnings, with concerns over tariffs and underperforming divisions. Nvidia and Anthropic publicly clashed over U.S. chip export restrictions, while Berkshire Hathaway and ExxonMobil are set to report earnings."
2025-05-02 12:44:31+00:00,https://www.benzinga.com/25/05/45164566/exxon-mobil-q1-profit-tops-forecasts-despite-revenue-miss-slashes-costs-by-127-billion-more,"Exxon Mobil Q1: Steady Production, Focus On Cost Cuts And Stock Buyback Exxon Mobil reported steady production in Q1, with a focus on cost cuts and a $20 billion share buyback program. The company's adjusted earnings beat estimates, but revenue missed consensus."
2025-05-03 18:32:00+00:00,https://www.fool.com/investing/2025/05/03/exxonmobil-continues-to-prove-its-the-best-run-com/?source=iedfolrf0000001,"ExxonMobil Continues to Prove It's the Best-Run Company in the Oil Patch ExxonMobil, the oil industry's largest company, delivered exceptional first-quarter results despite challenging market conditions. The company's robust oil and gas production, industry-leading cost savings, and strong balance sheet enabled it to generate industry-leading earnings, cash flow, and shareholder returns."
2025-05-05 13:14:00+00:00,https://www.investing.com/analysis/exxonmobil-production-offset-prices-capital-return-safe-in-2025-200660356,"ExxonMobil: Production Offset Prices, Capital Return Safe in 2025 ExxonMobil's Q1 2025 results show resilience, with better-than-expected profitability and a sustainable capital return outlook. However, there are risks of potential capital return cuts next year."
2025-05-05 15:04:48+00:00,https://www.fool.com/investing/2025/05/05/frontline-stock-popped-exxon-and-conoco-dropped/?source=iedfolrf0000001,"Why Frontline Stock Popped, but Exxon and ConocoPhillips Dropped OPEC+ plans to increase oil production, which is expected to lower oil prices and hurt profits of oil producers like ExxonMobil and ConocoPhillips, but benefit oil tanker companies like Frontline that can transport the cheaper oil."
2025-05-05 15:33:12+00:00,https://www.benzinga.com/economics/macro-economic-events/25/05/45198741/goldman-sachs-issues-bearish-40-oil-forecast-as-opec-pumps-more-energy-stocks-sin,"Goldman Sachs Issues Bearish $40 Oil Forecast As OPEC+ Pumps More: Energy Stocks Sink Goldman Sachs lowered its oil price forecast due to OPEC+ increasing production, which triggered a selloff in energy stocks. The bank warned that Brent crude could fall to $40 by 2026 if supply keeps rising and a recession hits."
2025-05-06 13:24:00+00:00,https://www.investing.com/analysis/chevrons-fundamentals-shine-through-market-turmoil-200660417,"Chevron’s Fundamentals Shine Through Market Turmoil Chevron's Q1 2025 earnings were impacted by lower oil prices and the Trump administration's tariff policies, leading to volatility in the stock. However, the company's strong fundamentals, including high free cash flow and a long history of dividend increases, make it an attractive long-term investment despite the near-term challenges."
2025-05-06 14:35:45+00:00,https://www.benzinga.com/economics/macro-economic-events/25/05/45224883/oil-soars-above-59-as-middle-east-airstrikes-jolt-markets,"Oil Soars Above $59 As Middle East Airstrikes Jolt Markets Oil prices rebounded sharply, surging over 3.6% to $59.10 per barrel, as escalating geopolitical tensions in the Middle East rattled energy markets. The rally came after Israeli airstrikes targeted Houthi-controlled infrastructure in Yemen, raising supply risk concerns."
2025-05-06 16:10:00+00:00,https://www.investing.com/analysis/why-energy-stocks-like-exxon-and-hess-are-back-in-focus-200660424,"Why Energy Stocks Like Exxon and Hess Are Back in Focus Energy stocks like Exxon Mobil and Hess are gaining attention due to a power outage in Europe that highlighted the reliance on traditional fossil fuels. Exxon's strong earnings and share buybacks, as well as institutional buying in Hess, suggest a positive outlook for the energy sector."
2025-05-08 08:08:00+00:00,https://www.fool.com/investing/2025/05/08/exxonmobil-built-its-business-to-thrive-in-volatil/?source=iedfolrf0000001,"ExxonMobil Built Its Business to Thrive in Volatile Oil Markets ExxonMobil is well-positioned to weather the current volatility in the oil market. The company has invested in expanding its advantaged assets and reducing structural costs, making it more resilient to lower oil prices. ExxonMobil plans to continue executing its successful strategy, which is expected to deliver meaningful earnings and cash flow growth in the future."
2025-05-08 12:44:46+00:00,https://www.benzinga.com/news/contracts/25/05/45284262/exxon-mobil-says-deal-with-japans-marubeni-to-boost-jobs-global-energy-supply,"Exxon Mobil Says Deal With Japan's Marubeni To Boost Global Energy Supply Exxon Mobil and Marubeni have signed a long-term offtake agreement for low-carbon ammonia from Exxon Mobil's Texas facility. Marubeni will purchase around 250,000 tonnes annually and acquire an ownership stake in the production facility."
2025-05-11 19:22:00+00:00,https://www.fool.com/investing/2025/05/11/is-a-big-oil-megamerger-brewing-exxon-chevron-and/?source=iedfolrf0000001,"Is a Big Oil Megamerger Brewing? Exxon, Chevron, and Others Are Eyeing This Oil Stock. Several major oil companies, including Exxon, Chevron, and Shell, have reportedly considered acquiring BP due to its recent strategic shifts and underperformance. However, a potential deal faces challenges such as BP's high debt levels and regulatory scrutiny."
2025-05-13 14:50:00+00:00,https://www.investing.com/analysis/exxons-potential-bp-takeover-could-trigger-a-bull-market-for-energy-stocks-200660728,"Exxon’s Potential BP Takeover Could Trigger a Bull Market for Energy Stocks Exxon's potential acquisition of BP could trigger a bull market for the broader energy sector, as the industry is currently undervalued. Transocean, a drilling equipment manufacturer, is also seen as a potential beneficiary of this trend."
2025-05-15 07:32:00+00:00,https://www.globenewswire.com/news-release/2025/05/15/3081830/0/en/The-29th-World-Gas-Conference-to-be-held-in-Beijing.html,"The 29th World Gas Conference to be held in Beijing The 29th World Gas Conference (WGC2025) will be held in Beijing from May 19 to 23, 2025, the first time the event is being held in China since its inception in 1931. The conference will focus on new trends in the natural gas industry, including energy security, low-carbon transformation, and the role of natural gas in the energy transition."
2025-05-15 09:05:00+00:00,https://www.fool.com/investing/2025/05/15/better-energy-stock-chevron-vs-exxonmobil/?source=iedfolrf0000001,"Better Energy Stock: Chevron vs. ExxonMobil Exxon and Chevron are both well-run integrated energy companies, but they have some differences that could sway investors. Exxon has a lower dividend yield but is doing relatively well, while Chevron has a higher yield but faces some headwinds like its proposed merger with Hess and its Venezuelan operations."
2025-05-23 11:31:00+00:00,https://www.fool.com/investing/2025/05/23/want-decades-of-passive-income-hold-this-etf/?source=iedfolrf0000001,"Want Decades of Passive Income? Buy This ETF and Hold It Forever. The JPMorgan Equity Premium Income ETF (JEPI) offers a high dividend yield of around 8%, which is significantly higher than the S&P 500 or most big-name dividend stocks. While the ETF has a short track record, it is managed by a financial giant with a diversified stock-picking approach. The fund aims to deliver steady payouts and lower volatility compared to the broader market."
2025-05-23 14:00:00+00:00,https://www.globenewswire.com/news-release/2025/05/23/3087531/0/en/CCUS-Absorption-Market-Projected-to-Reach-USD-2-02-Billion-by-2032-Driven-by-Accelerated-Decarbonization-Efforts-Across-Energy-Industrial-and-Manufacturing-Sectors-SNS-Insider.html,"CCUS Absorption Market Projected to Reach USD 2.02 Billion by 2032, Driven by Accelerated Decarbonization Efforts Across Energy, Industrial, and Manufacturing Sectors | SNS Insider The global CCUS (Carbon Capture, Utilization, and Storage) absorption market is witnessing rapid growth, driven by mounting climate change concerns and the global shift toward net-zero carbon emissions. The market is expected to reach USD 2.02 billion by 2032, expanding at a CAGR of 17.26% from 2025 to 2032."
2025-05-28 06:55:00+00:00,https://www.globenewswire.com/news-release/2025/05/28/3089167/0/fr/Esso-S-A-F-annonce-qu-ExxonMobil-est-entr%C3%A9e-en-n%C3%A9gociations-exclusives-en-vue-de-la-cession-de-sa-participation-dans-Esso-S-A-F.html,Esso S.A.F. annonce qu’ExxonMobil est entrée en négociations exclusives en vue de la cession de sa participation dans Esso S.A.F. Esso S.A.F. announces that ExxonMobil has entered into exclusive negotiations to sell its 82.89% stake in Esso S.A.F. to North Atlantic France SAS. The transaction is subject to regulatory approvals and is expected to be completed in the last quarter of 2025.
2025-06-03 07:11:00+00:00,https://www.fool.com/investing/2025/06/03/exxonmobil-in-the-crosshairs-the-trump-administrat/?source=iedfolrf0000001,"ExxonMobil in the Crosshairs: The Trump Administration Is Cutting Funding for Projects Aimed at Capturing a Potential $4 Trillion Market Opportunity. The Trump administration is cutting funding for 24 green energy projects, including a $332 million carbon capture and sequestration project at ExxonMobil's Baytown refinery complex. This could impact ExxonMobil's plans to develop a low-carbon hydrogen and ammonia production facility, but the company's overall growth plans are not expected to be derailed."
2025-06-03 10:30:00+00:00,https://www.fool.com/investing/2025/06/03/5-top-stocks-to-buy-in-june/?source=iedfolrf0000001,"5 Top Stocks to Buy in June The article discusses five stocks that Fool.com contributors recommend buying in June: Apple, Shopify, Cava Group, ExxonMobil, and Energy Transfer. The reasons range from Apple's potential to pass along tariff costs, Shopify's strong growth, Cava's healthy expansion, ExxonMobil's diversification efforts, and Energy Transfer's solid business and generous distributions."
2025-06-06 07:01:00+00:00,https://www.fool.com/investing/2025/06/06/should-you-invest-1000-in-exxonmobil-today/?source=iedfolrf0000001,"Should You Invest $1,000 in ExxonMobil Today? ExxonMobil is the best-run company in the oil industry, with industry-leading performance, cost savings, and shareholder returns. The company plans to deliver 10% compound annual earnings growth through 2030, making it a great investment opportunity for those seeking exposure to the oil sector."
2025-06-11 08:54:00+00:00,https://www.globenewswire.com/news-release/2025/06/11/3097350/28124/en/Propanol-Market-Research-and-Growth-Forecast-2025-2035-Emerging-Markets-in-Asia-Pacific-and-Latin-America-Provide-Lucrative-Expansion-Opportunities.html,"Propanol Market Research and Growth Forecast 2025-2035: Emerging Markets in Asia-Pacific and Latin America Provide Lucrative Expansion Opportunities The propanol market is expected to grow significantly due to increasing demand in paints, coatings, and personal care sectors. Asia-Pacific leads in consumption, and emerging markets in the region and Latin America offer expansion opportunities. However, the market faces challenges from raw material price volatility and stringent environmental regulations."
2025-06-14 14:00:00+00:00,https://www.globenewswire.com/news-release/2025/06/14/3099384/0/en/Refrigeration-Oil-Market-to-Reach-USD-2-01-billion-by-2032-SNS-Insider.html,"Refrigeration Oil Market to Reach USD 2.01 billion by 2032 | SNS Insider The Refrigeration Oil Market is expected to grow at a CAGR of 4.86% from 2025 to 2032, driven by the increasing use of eco-friendly cooling systems and rising environmental regulations. The U.S. market is the fastest-growing, with a CAGR of 6.25%, due to energy-efficient HVAC retrofits and the introduction of low-GWP synthetic oils."
2025-06-16 00:30:00+00:00,https://www.globenewswire.com/news-release/2025/06/16/3099531/0/en/Industrial-Lubricants-Market-worth-74-3-billion-by-2029-at-3-1-says-MarketsandMarkets.html,"Industrial Lubricants Market worth $74.3 billion by 2029, at 3.1%, says MarketsandMarkets™ The global industrial lubricants market is projected to grow from $63.9 billion in 2024 to $74.3 billion by 2029, driven by increasing demand from construction, mining, agriculture, and marine industries, as well as growing automation and renewable energy trends."
2025-06-18 11:15:00+00:00,https://www.fool.com/investing/2025/06/18/3-high-yield-dividend-stocks-buy-second-half-2025/?source=iedfolrf0000001,"3 High-Yield Dividend Stocks to Buy for the Second Half of 2025 The article discusses three top energy stocks to buy in the second half of 2025: ExxonMobil, ConocoPhillips, and Kinder Morgan. It highlights the advantages and investment potential of each company, focusing on their cost-effective operations, diversified revenue streams, and attractive dividend yields."
2025-06-19 13:00:00+00:00,https://www.globenewswire.com/news-release/2025/06/19/3102216/0/en/Mining-Lubricants-Market-to-Surpass-USD-5-79-Billion-by-2032-Driven-by-Surge-in-Mining-Activities-Equipment-Modernization-and-Efficiency-Demands.html,"Mining Lubricants Market to Surpass USD 5.79 Billion by 2032 | Driven by Surge in Mining Activities, Equipment Modernization, and Efficiency Demands The global mining lubricants market is expected to grow from $4.28 billion in 2024 to $5.79 billion by 2032, driven by the expansion of mining operations and the need for high-performance lubricants to support advanced mining equipment."
2025-06-20 10:33:00+00:00,https://www.fool.com/investing/2025/06/20/chevron-is-following-exxonmobil-by-entering-the-li/?source=iedfolrf0000001,"Chevron Is Following ExxonMobil by Entering the Lithium Sector Chevron and ExxonMobil, two major oil companies, are expanding into lithium production to diversify their energy portfolios and prepare for the transition to lower-carbon energy sources. Both companies are acquiring land in the Smackover Formation in the US, which is rich in lithium brine, and plan to use direct lithium extraction technology to produce the metal."
2025-06-20 10:55:00+00:00,https://www.globenewswire.com/news-release/2025/06/20/3102629/28124/en/Lubricants-Industry-Outlook-Report-2025-2034-Emerging-Economies-Fuel-Rise-in-High-Performance-Lubricant-Demand.html,"Lubricants Industry Outlook Report 2025-2034 | Emerging Economies Fuel Rise in High-Performance Lubricant Demand The global lubricants market is projected to reach USD 223.2 billion by 2034, growing at a 5.2% CAGR. Demand is driven by increased mechanization, sustainability goals, and innovations for EVs and emissions norms. Key trends include growth in synthetic and bio-based lubricants, smart lubricants, and bespoke formulations."
2025-06-23 09:47:35+00:00,https://www.benzinga.com/markets/commodities/25/06/46047673/chevron-joins-lithium-race-with-125000-acre-texas-arkansas-deal,"Chevron Joins Lithium Race With 125,000-Acre Texas-Arkansas Deal Chevron has acquired lease rights to 125,000 acres in Texas and Arkansas to extract lithium from brine, a byproduct of oil and gas production. This move aligns with the company's strategy to diversify into the EV supply chain and leverage its subsurface expertise."
2025-06-26 04:05:33+00:00,https://www.benzinga.com/markets/commodities/25/06/46107837/jim-cramer-predicts-ma-wave-even-as-shell-denies-bp-merger-deal-tv-host-says-this-is-the-most,"Jim Cramer Predicts 'M&A Wave' Even As Shell Denies BP Merger Deal: TV Host Says This Is The 'Most Bullish Thing' That Can Happen In This Market Jim Cramer suggests a potential merger between Shell and BP could trigger a wave of mergers in the energy sector, despite Shell's denial of ongoing talks. The potential deal could create a major European energy corporation rivaling American oil giants."
2025-06-27 08:15:00+00:00,https://www.fool.com/investing/2025/06/27/3-energy-stocks-with-juicy-dividend-yields/?source=iedfolrf0000001,"3 Energy Stocks With Juicy Dividend Yields With Middle East tensions potentially impacting oil prices, three energy stocks offer attractive dividend yields and strategic growth plans: ExxonMobil, Chevron, and BP are positioning themselves for future market opportunities through cost management, alternative energy investments, and production expansion."
2025-07-07 07:16:00+00:00,https://www.fool.com/investing/2025/07/07/1-top-dow-dividend-stock-to-buy-for-passive-income/?source=iedfolrf0000001,"1 Top Dow Dividend Stock to Buy for Passive Income in July Chevron offers an attractive 4.5% dividend yield with a resilient business model, low breakeven costs, and strong financial health. The company has a 38-year history of dividend growth and potential expansion through growth projects and a potential Hess acquisition."
2025-07-07 21:01:00+00:00,https://www.investing.com/analysis/exxonmobil-limited-risk-and-lots-of-reward-with-this-oil-play-200663291,"ExxonMobil: Limited Risk and Lots of Reward With This Oil Play ExxonMobil is positioned for growth with plans to launch ten new projects in key locations like Permian, Guyana, and Indonesia, expected to add $3 billion to its bottom line. An upcoming arbitration announcement and Q2 earnings report could serve as significant catalysts for stock price movement."
2025-07-09 07:14:00+00:00,https://www.fool.com/investing/2025/07/09/exxons-profit-took-a-15-billion-hit-last-quarter-i/?source=iedfolrf0000001,"Exxon's Profit Took a $1.5 Billion Hit Last Quarter. Is the Oil Stock Still Worth Buying? ExxonMobil expects a $1.5 billion profit decline in Q2 due to lower oil and gas prices, but remains optimistic about long-term growth potential through strategic investments and cost-saving initiatives."
2025-07-11 16:13:00+00:00,https://www.investing.com/analysis/q2-earnings-preview-can-corporate-profits-justify-sp-500s-recordsetting-rally-200663525,"Q2 Earnings Preview: Can Corporate Profits Justify S&P 500’s Record-Setting Rally? Wall Street prepares for Q2 earnings season with cautious optimism, focusing on whether corporate profits can justify the S&P 500's recent rally amid challenges like trade tariffs and economic uncertainty."
2025-07-12 09:04:00+00:00,https://www.fool.com/investing/2025/07/12/the-smartest-vanguard-etf-to-buy-with-1000-right-n/?source=iedfolrf0000001,"The Smartest Vanguard ETF to Buy With $1,000 Right Now The article suggests investors consider shifting some portfolio allocation from growth to value stocks, highlighting potential advantages of value stocks in the current market environment, particularly through ETFs like Vanguard Value ETF."
2025-07-12 10:05:00+00:00,https://www.fool.com/investing/2025/07/12/motley-fool-ceo-tom-gardner-sp-500-voo-at-25-earni/?source=iedfolrf0000001,"Motley Fool CEO Tom Gardner: S&P 500 (VOO) at 25× Earnings Is Stretching Valuations Motley Fool CEO Tom Gardner suggests the S&P 500 is expensive at 26x earnings, but investors can find opportunities in value stocks, foreign stocks, and dividend stocks through strategic ETF investments."
2025-07-13 08:11:00+00:00,https://www.fool.com/investing/2025/07/13/how-investing-xxx-monthly-in-this-vanguard-etf-cou/?source=iedfolrf0000001,"How Investing $500 Monthly in This Vanguard ETF Could Create Nearly $5,700 in Annual Dividend Income Investing $500 monthly in the Vanguard Energy ETF over 30 years could potentially generate nearly $5,700 in annual dividend income, with a current dividend yield of 3.16%. The strategy relies on consistent investment, dividend reinvestment, and long-term market performance."
2025-07-16 22:01:00+00:00,https://www.fool.com/investing/2025/07/16/3-top-dividend-stocks-yielding-over-3-you-shouldnt/?source=iedfolrf0000001,"3 Top Dividend Stocks Yielding More Than 3% That You Shouldn't Hesitate to Buy Right Now With the S&P 500's dividend yield near record lows, three companies offer attractive dividend opportunities: ExxonMobil, Johnson & Johnson, and Essex Property Trust, each yielding over 3% with strong historical dividend growth and financial stability."
2025-07-17 14:17:00+00:00,https://www.investing.com/analysis/3-stocks-to-benefit-from-lower-rates-before-2025-ends-200663864,"3 Stocks to Benefit From Lower Rates Before 2025 Ends The article discusses three stocks that could benefit from potential Federal Reserve interest rate cuts before 2025, focusing on companies with significant debt loads that could see earnings improvements from lower borrowing costs."
2025-07-18 14:04:52+00:00,https://www.benzinga.com/m-a/25/07/46493214/exxons-block-fails-chevron-seals-53-billion-hess-deal-after-ruling,"Exxon's Block Fails—Chevron Seals $53 Billion Hess Deal After Ruling Chevron successfully acquired Hess Corp for $53 billion after winning an International Chamber of Commerce arbitration against Exxon and CNOOC, who opposed the deal based on preemption rights in the Guyana offshore oil project."
2025-07-18 23:50:00+00:00,https://www.globenewswire.com/news-release/2025/07/18/3118234/0/en/Robert-J-Smith-MFA-s-First-Release-in-His-INFLUENCE-IN-ACTION-Book-Series-Tops-legends-W-Edwards-Deming-Edward-Bernays-and-Adam-Smith.html,"Robert J. Smith, MFA's First Release in His INFLUENCE IN ACTION™ Book Series Tops legends, W. Edwards Deming, Edward Bernays and Adam Smith Author Robert J. Smith released his first book in the INFLUENCE IN ACTION™ series, which became an international bestseller. The book provides strategies for business professionals to improve performance and drive sales, drawing from Smith's experience in various industries."
2025-07-20 09:01:00+00:00,https://www.fool.com/investing/general/2025/07/20/10-magnificent-sp-500-dividend-stocks-down-10-buy/?source=iedfolrf0000001,"10 Magnificent S&P 500 Dividend Stocks Down Over 10% to Buy and Hold Forever The article highlights 10 S&P 500 dividend stocks with strong financial performance, consistent dividend growth, and potential for long-term investment across various sectors including healthcare, energy, utilities, and technology."
2025-07-24 12:15:00+00:00,https://www.fool.com/investing/2025/07/24/10-no-brainer-industry-stocks-to-buy-right-now/?source=iedfolrf0000001,"10 No-Brainer Energy Stocks to Buy Right Now The article explores various energy sector investment options, highlighting 10 stocks and ETFs across integrated energy, drilling, and midstream segments, with a focus on dividend yields, diversification, and potential growth strategies."
2025-07-24 13:28:55+00:00,https://www.fool.com/coverage/filings/2025/07/24/nextdecade-next-stock-jumps-57-in-a-year-counsel-sells-shares/?source=iedfolrf0000001,"NextDecade (NEXT) Stock Jumps 57% in a Year, Counsel Sells Shares NextDecade's General Counsel sold 44,366 shares for tax purposes, while the company continues developing its Rio Grande LNG facility with long-term sales agreements from major energy companies, targeting operations by 2027."
2025-07-25 11:07:39+00:00,https://www.benzinga.com/markets/large-cap/25/07/46626902/chevron-set-to-restart-venezuela-oil-operations-after-trump-reversal,"Chevron Set To Restart Venezuela Oil Operations After Trump Reversal Chevron is preparing to restart oil operations in Venezuela following a Trump administration decision, with a potential agreement that would allow operations without paying royalties or taxes to the Maduro government."
2025-07-27 16:08:00+00:00,https://www.fool.com/investing/2025/07/27/3-high-yield-energy-stocks-that-can-survive-in-tod/?source=iedfolrf0000001,"3 High-Yield Energy Stocks That Can Survive in Today's Fast-Changing Energy Landscape The article highlights three energy stocks - Chevron, Energy Transfer, and ExxonMobil - that demonstrate resilience and strong dividend potential in a volatile energy market, focusing on their financial strength, strategic positioning, and ability to adapt to changing energy landscapes."
2025-07-27 22:05:00+00:00,https://www.fool.com/investing/2025/07/27/chevron-exxonmobil-hess-buy-dividend-stock/?source=iedfolrf0000001,"Chevron Overcomes ExxonMobil to Acquire Hess. Which High-Yield Energy Stock Is the Better Buy Now? Chevron successfully acquired Hess after overcoming legal challenges from ExxonMobil, gaining a valuable 30% stake in the offshore Guyana Stabroek Block. Both companies have demonstrated strong financial resilience and attractive dividend potential in the energy sector."
2025-07-30 09:23:00+00:00,https://www.fool.com/investing/2025/07/30/3-top-oil-stocks-to-buy-and-confidently-hold-throu/?source=iedfolrf0000001,"3 Top Oil Stocks to Buy and Confidently Hold Through at Least 2030 Three major oil companies (ConocoPhillips, Chevron, and ExxonMobil) demonstrate strong long-term growth potential through strategic investments, low operating costs, and consistent dividend growth, making them attractive investment options through 2030."
2025-07-31 20:16:00+00:00,https://www.benzinga.com/pressreleases/25/07/n46774706/north-european-oil-royalty-trust-announces-the-distribution-for-the-third-quarter-of-fiscal-2025,"NORTH EUROPEAN OIL ROYALTY TRUST ANNOUNCES THE DISTRIBUTION FOR THE THIRD QUARTER OF FISCAL 2025 North European Oil Royalty Trust announced a quarterly distribution of $0.26 per unit for Q3 fiscal 2025, payable on August 27, 2025. The distribution is up from $0.21 in the previous quarter, based on actual royalty income from Mobil and OEG agreements."
2025-08-04 01:13:00+00:00,https://www.fool.com/investing/2025/08/03/exxonmobil-continues-to-show-that-its-the-best-oil/?source=iedfolrf0000001,"ExxonMobil Continues to Show That It's the Best Oil Stock ExxonMobil reported exceptional Q2 financial results, earning $7.1 billion and generating $11.5 billion in cash flow, significantly outperforming industry peers. The company's strategic investments and cost-saving programs position it for strong growth through 2030."
2025-08-04 18:33:03+00:00,https://www.fool.com/data-news/2025/08/04/exxonmobil-q2-eps-beat-but-stock-fell/?source=iedfolrf0000001,"ExxonMobil Q2 EPS Beat but Stock Fell ExxonMobil reported Q2 2025 GAAP earnings of $1.64 per share, beating analyst estimates, but experiencing year-over-year declines in profit and revenue. The company saw record upstream production and maintained shareholder returns through dividends and share buybacks."
2025-08-05 07:02:00+00:00,https://www.fool.com/investing/2025/08/05/these-were-the-5-biggest-companies-in-1989-and-her/?source=iedfolrf0000001,"These Were the 5 Biggest Companies in 1989, and Here Are the 5 Biggest Companies Now In 1989, Japanese banks dominated the list of most valuable companies, with Exxon being the only non-Japanese firm. Today, tech companies like Nvidia have dramatically higher market capitalizations, reflecting shifts in global economic power and investor preferences."
2025-08-07 19:13:37+00:00,https://www.fool.com/investing/2025/08/07/why-texas-pacific-land-stock-is-sinking-today/?source=iedfolrf0000001,"Why Texas Pacific Land Stock Is Sinking Today Texas Pacific Land Corp experienced a stock decline despite steady Q2 results, with water sales dropping 34% due to reduced operator activity, though the CFO expects recovery in the second half of the year."
2025-08-12 09:13:00+00:00,https://www.fool.com/investing/2025/08/12/the-next-generation-of-dividend-kings-3-stocks-to/?source=iedfolrf0000001,"The Next Generation of Dividend Kings: 3 Stocks to Watch Three companies - ExxonMobil, NNN REIT, and Medtronic - are close to achieving Dividend King status by consistently increasing dividends for decades, demonstrating strong financial performance and growth potential in their respective industries."
2025-08-12 09:22:00+00:00,https://www.fool.com/investing/2025/08/12/is-occidental-petroleum-a-buy-on-the-dip/?source=iedfolrf0000001,"Is Occidental Petroleum a Buy on the Dip? Occidental Petroleum (Oxy) is a growth-oriented energy company with Warren Buffett's backing, seeking to compete with larger industry players like ExxonMobil and Chevron through strategic acquisitions and expansion."
2025-08-13 12:40:00+00:00,https://www.investing.com/analysis/3-stocks-to-consider-as-tension-builds-in-energy-markets-200665254,"3 Stocks to Consider as Tension Builds in Energy Markets With geopolitical tensions affecting oil markets, particularly around Russian oil restrictions, investors are advised to consider energy sector stocks that demonstrate earnings potential and resilience."
2025-08-14 08:30:00+00:00,https://www.globenewswire.com/news-release/2025/08/14/3133217/0/en/Lubricants-Market-worth-204-10-billion-by-2030-at-a-CAGR-of-2-8-says-MarketsandMarkets.html,"Lubricants Market worth $204.10 billion by 2030, at a CAGR of 2.8%, says MarketsandMarkets™ The global lubricants market is expected to grow from $178.14 billion in 2025 to $204.10 billion by 2030, with a 2.8% CAGR. Mineral oil lubricants dominate the market, and Asia Pacific is the largest and fastest-growing region, driven by industrial development and population growth."
2025-08-23 22:05:00+00:00,https://www.fool.com/investing/2025/08/23/buy-dividend-stock-each-market-sector-2025/?source=iedfolrf0000001,"If I Could Only Buy 1 S&P 500 Stock From Each Sector for the Rest of 2025, I'd Go With These 11 Dividend Stocks An analysis of top dividend stocks across 11 different S&P 500 sectors, highlighting one recommended stock per sector based on dividend performance, growth potential, and market positioning."
2025-08-24 08:36:00+00:00,https://www.fool.com/investing/2025/08/24/is-plug-power-stock-a-millionaire-maker/?source=iedfolrf0000001,"Is Plug Power Stock a Millionaire Maker? Plug Power, a pioneering hydrogen fuel cell company, has struggled financially despite significant infrastructure investments. While targeting profitability by 2028 and operating in a growing $225 billion market, the company faces substantial challenges including ongoing losses, high debt, and significant shareholder dilution."
2025-08-27 13:47:25+00:00,https://www.benzinga.com/markets/commodities/25/08/47357583/putin-exxon-confidential-talks-rosneft-russia-sakhalin-project,"Exxon Wants To Return To Russia, Holds Talks With Rosneft: Report Exxon Mobil is exploring potential re-entry into Russia's Sakhalin energy project through discreet talks with Rosneft, contingent on a potential Ukraine peace deal, after previously exiting in 2022 following the invasion of Ukraine."
2025-08-29 08:16:00+00:00,https://www.fool.com/investing/2025/08/29/where-will-exxonmobil-be-by-2030/?source=iedfolrf0000001,"Where Will ExxonMobil Be by 2030? ExxonMobil plans to boost annual earnings by $20 billion and cash flow by $30 billion by 2030, with $140 billion invested in growth projects, including $30 billion in lower-carbon opportunities. The company aims to generate $165 billion in surplus cash and continue increasing dividends and stock buybacks."
2025-08-29 13:08:00+00:00,https://www.investing.com/analysis/chevron-stock-outlook-dividend-growth-meets-inflation-200666068,"Chevron Stock Outlook: Dividend Growth Meets Inflation Chevron is positioned favorably amid inflation concerns, with a strong dividend history and strategic investments in low-carbon initiatives. The company continues to be essential in energy production while preparing for future renewable energy transitions."
2025-08-31 09:21:00+00:00,https://www.fool.com/investing/2025/08/31/if-youd-invested-1000-in-exxonmobil-stock-5-years/?source=iedfolrf0000001,"If You'd Invested $1,000 in ExxonMobil Stock 5 Years Ago, Here's How Much You'd Have Today An investment of $1,000 in ExxonMobil stock in August 2020 would have grown to $3,460 today, outperforming the S&P 500's return, due to strategic investments during the oil price collapse and pandemic uncertainty."
2025-08-31 18:10:00+00:00,https://www.fool.com/investing/2025/08/31/these-4-dividend-stocks-are-money-printing-machine/?source=iedfolrf0000001,"These 4 Dividend Stocks Are Money-Printing Machines Four major companies demonstrate exceptional cash generation capabilities, consistently increasing dividends and returning value to shareholders through strategic financial management."
2025-09-02 13:34:00+00:00,https://www.fool.com/investing/2025/09/02/see-big-upside-for-oil-3-great-ways-to-play-an-oil/?source=iedfolrf0000001,"See Big Upside for Oil? 3 Great Ways to Play an Oil Price Rebound. With oil prices currently down over 10%, analysts suggest three oil stocks that could benefit from a potential crude price rebound: Chevron, Diamondback Energy, and ExxonMobil, each offering unique investment advantages."
2025-09-10 00:24:00+00:00,https://www.fool.com/investing/2025/09/09/should-you-buy-plug-power-while-its-below-2/?source=iedfolrf0000001,"Should You Buy Plug Power While It's Below $2? Plug Power, a small hydrogen energy company, shows potential in green technology but remains unprofitable with significant financial challenges. Despite revenue growth and improving gross margins, the company is still far from breaking even and poses substantial investment risk."
2025-09-10 10:23:00+00:00,https://www.fool.com/investing/2025/09/10/why-this-dividend-etf-is-perfectly-balanced-for/?source=iedfolrf0000001,"Why This Dividend ETF is Perfectly Balanced for Yield and Growth The article analyzes the iShares Core High Dividend ETF (HDV) as a balanced dividend investment option, highlighting its low expense ratio, solid dividend yield, and diversified portfolio of blue-chip stocks across multiple sectors."
2025-09-10 11:21:01+00:00,https://www.benzinga.com/markets/large-cap/25/09/47591002/exxonmobil-sees-eu-locking-in-us-lng-supply-under-750-billion-pledge,"ExxonMobil Sees EU Locking In US LNG Supply Under $750 Billion Pledge ExxonMobil expects the European Union to sign multi-decade liquefied natural gas contracts as part of a $750 billion energy purchase agreement, with the US potentially supplying up to 75% of Europe's LNG imports by 2028."
2025-09-11 07:22:00+00:00,https://www.fool.com/investing/2025/09/11/exxonmobil-may-be-falling-now-but-is-it-a-buy-long/?source=iedfolrf0000001,"ExxonMobil May Be Falling Now, But Is It a Buy Long Term? ExxonMobil plans to add $20 billion in earnings and $30 billion in cash flow by 2030 through strategic investments in capital projects, low-carbon energy platforms, and cost-saving initiatives, positioning itself for strong long-term growth and shareholder returns."
2025-09-11 12:31:00+00:00,https://www.investing.com/analysis/alternative-energy-stocks-continue-to-lead-big-oil-in-2025-200666764,"Alternative Energy Stocks Continue to Lead Big Oil in 2025 Alternative energy stocks are outperforming traditional oil stocks in 2025, driven by anticipated massive electricity demand from AI technologies. Clean energy ETFs have risen nearly 25% year-to-date, significantly ahead of traditional energy sector performance."
2025-09-12 09:10:00+00:00,https://www.fool.com/investing/2025/09/12/vanguard-etf-yield-more-sp-500-fee-vym/?source=iedfolrf0000001,"Meet the Vanguard ETF That Yields More Than Twice the S&P 500 Average and Has Minimal Fees The Vanguard High Dividend Yield ETF offers investors a high-yield dividend strategy with low fees, holding 580 stocks and providing a 2.5% dividend yield, which is more than double the S&P 500 average."
2025-09-15 13:00:00+00:00,https://www.globenewswire.com/news-release/2025/09/15/3150018/0/en/ROTH-Further-Expands-its-Equity-Research-Team-with-the-Addition-of-Adam-Walsh-MD-and-Nick-Pope.html,"ROTH Further Expands its Equity Research Team with the Addition of Adam Walsh, MD and Nick Pope ROTH Capital Partners has expanded its equity research team by adding Adam Walsh, MD, a biotechnology analyst with over 20 years of experience, and Nick Pope, a senior research analyst specializing in oil and gas sectors."
2025-09-17 08:13:00+00:00,https://www.fool.com/investing/2025/09/17/prediction-chevron-will-soar-over-the-next-5-years/?source=iedfolrf0000001,"Prediction: Chevron Will Soar Over the Next 5 Years. Here's 1 Reason Why. Chevron is poised for significant growth through its recent Hess acquisition, expecting to generate over $100 billion in free cash flow over the next five years, driven by expansion in Guyana's oil production and cost synergies."
2025-09-19 18:03:00+00:00,https://www.investing.com/analysis/3-energy-stocks-that-could-benefit-from-geopolitical-tensions-200667221,"3 Energy Stocks That Could Benefit from Geopolitical Tensions The article discusses how energy stocks could potentially benefit from geopolitical tensions, highlighting three energy companies with strong global presence and financial resilience: Exxon Mobil, Chevron, and Baker Hughes."
2025-09-23 20:41:11+00:00,https://www.benzinga.com/trading-ideas/movers/25/09/47830899/trumps-wants-a-stake-in-lithium-americas-for-national-security,"Trumps Wants A Stake In Lithium Americas For National Security The Trump administration is seeking a 10% ownership stake in Lithium Americas Corp. to support its Thacker Pass lithium mine in Nevada, framing the investment as a national security strategy to reduce dependence on Chinese lithium supply."
2025-09-24 18:39:00+00:00,https://www.globenewswire.com/news-release/2025/09/24/3155791/0/fr/North-Atlantic-France-SAS-franchit-une-%C3%A9tape-cl%C3%A9-dans-son-projet-d-acquisition-d-une-participation-majoritaire-dans-Esso-S-A-F-et-100-d-ExxonMobil-Chemical-France-SAS-avec-la-signa.html,"North Atlantic France SAS franchit une étape clé dans son projet d’acquisition d’une participation majoritaire dans Esso S.A.F. et 100% d’ExxonMobil Chemical France SAS, avec la signature d'un contrat d’acquisition d’actions North Atlantic France SAS has signed a contract to acquire a majority stake in Esso S.A.F. and 100% of ExxonMobil Chemical France, marking a significant step in building a long-term presence in France's energy sector."
2025-09-24 18:39:00+00:00,https://www.globenewswire.com/news-release/2025/09/24/3155791/0/en/North-Atlantic-France-SAS-reaches-a-key-milestone-in-its-project-to-acquire-a-majority-stake-in-Esso-Soci%C3%A9t%C3%A9-Anonyme-Fran%C3%A7aise-SA-and-100-of-ExxonMobil-Chemical-France-SAS-with-the.html,"North Atlantic France SAS reaches a key milestone in its project to acquire a majority stake in Esso Société Anonyme Française SA and 100% of ExxonMobil Chemical France SAS, with the signing of a share purchase agreement North Atlantic France SAS has signed a share purchase agreement to acquire ExxonMobil's entire stake in Esso Société Anonyme Française SA and ExxonMobil Chemical France SAS, marking a significant milestone in establishing a long-term presence in France's energy sector."
2025-09-24 18:39:36+00:00,https://www.benzinga.com/pressreleases/25/09/g47850649/north-atlantic-france-sas-reaches-a-key-milestone-in-its-project-to-acquire-a-majority-stake-in-es,"North Atlantic France SAS reaches a key milestone in its project to acquire a majority stake in Esso Société Anonyme Française SA and 100% of ExxonMobil Chemical France SAS, with the signing of a share purchase agreement North Atlantic France SAS signed a share purchase agreement to acquire a majority stake in Esso Société Anonyme Française SA and 100% of ExxonMobil Chemical France SAS, marking a key step in establishing a long-term presence in France's energy sector."
2025-09-29 10:02:00+00:00,https://www.fool.com/investing/2025/09/29/these-3-energy-stocks-have-turned-oil-pumps-into-m/?source=iedfolrf0000001,"These 3 Energy Stocks Have Turned Oil Pumps Into Money Printing Machines ExxonMobil, Chevron, and ConocoPhillips are generating substantial cash flows from oil production, investing in future projects, and returning significant capital to shareholders through dividends and stock repurchases."
2025-09-30 09:32:00+00:00,https://www.fool.com/investing/2025/09/30/should-you-buy-chevron-stock-with-oil-prices-below/?source=iedfolrf0000001,"Should You Buy Chevron Stock With Oil Prices Below $70 a Barrel? Despite lower crude oil prices, Chevron demonstrates robust financial performance with strong cash flow, low leverage, and strategic growth through new projects and the Hess merger, positioning itself for sustained growth into the 2030s."
2025-10-02 16:16:00+00:00,https://www.investing.com/analysis/oil-set-to-rebound-3-stocks-that-win-if-crude-climbs-200667895,"Oil Set to Rebound? 3 Stocks That Win if Crude Climbs The article discusses potential oil price recovery and highlights three oil stocks that could benefit from rising crude prices, focusing on their strengths, dividend yields, and market positioning."
2025-10-06 05:32:00+00:00,https://www.globenewswire.com/news-release/2025/10/06/3161397/0/fr/North-Atlantic-France-SAS-annonce-le-montant-de-l-ajustement-de-la-valeur-du-stock-li%C3%A9-%C3%A0-son-projet-d-acquisition-d-une-participation-majoritaire-dans-Esso-Soci%C3%A9t%C3%A9-Anonyme-Fran%C3%A7ais.html,"North Atlantic France SAS annonce le montant de l’ajustement de la valeur du stock lié à son projet d’acquisition d’une participation majoritaire dans Esso Société Anonyme Française SA North Atlantic France SAS is acquiring a majority stake in Esso Société Anonyme Française SA, with the acquisition price adjusted downward due to changes in stock value, currency exchange rates, and planned distributions."
2025-10-06 05:32:00+00:00,https://www.globenewswire.com/news-release/2025/10/06/3161397/0/en/North-Atlantic-France-SAS-announces-the-inventory-value-adjustment-amount-related-to-its-contemplated-acquisition-of-a-majority-stake-in-Esso-Soci%C3%A9t%C3%A9-Anonyme-Fran%C3%A7aise-SA.html,"North Atlantic France SAS announces the inventory value adjustment amount related to its contemplated acquisition of a majority stake in Esso Société Anonyme Française SA North Atlantic France SAS is acquiring a majority stake in Esso Société Anonyme Française SA from ExxonMobil, with the purchase price adjusted downward due to euro appreciation and declining crude oil prices. The final share price is expected to be €24.97 after various adjustments."
2025-10-06 05:49:00+00:00,https://www.globenewswire.com/news-release/2025/10/06/3161398/0/fr/ESSO-S-A-F-Projet-d-acquisition-par-North-Atlantic-de-la-participation-d-ExxonMobil-dans-Esso-S-A-F.html,"ESSO S.A.F. :Projet d’acquisition par North Atlantic de la participation d’ExxonMobil dans Esso S.A.F North Atlantic is acquiring ExxonMobil's entire stake in Esso S.A.F., with the transaction expected to be finalized by the end of 2025, pending regulatory approvals and financing agreements."
2025-10-07 11:27:35+00:00,https://www.benzinga.com/markets/guidance/25/10/48070999/exxon-mobil-anticipates-crude-price-impact-to-boost-earnings,"Exxon Mobil Anticipates Crude Price Impact To Boost Earnings Exxon Mobil expects oil and gas price variations to impact its third-quarter earnings across multiple business segments, with potential positive and negative financial effects ranging from ($100) million to $700 million."
2025-10-15 23:37:27+00:00,https://www.fool.com/coverage/filings/2025/10/15/deep-pocketed-investment-advisor-takes-a-usd351-million-step-back-from-this-shipping-giant-according-to-wall-street-filing/?source=iedfolrf0000001,"Deep-Pocketed Investment Advisor Takes a $351 Million Step Back From This Shipping Giant, According to Wall Street Filing Pacer Advisors sold 3.9 million shares of United Parcel Service (UPS) worth $351.8 million, reducing its stake to 0.11% of its total U.S. equity assets. UPS has significantly underperformed the S&P 500, with shares down 37.5% over the past year."
2025-10-17 11:02:02+00:00,https://www.benzinga.com/markets/large-cap/25/10/48270997/exxon-mobil-reportedly-sells-guyanese-oil-to-indian-refiners,"Exxon Mobil Reportedly Sells Guyanese Oil To Indian Refiners Exxon Mobil sold 4 million barrels of Guyanese crude oil to Indian Oil Corp. and Hindustan Petroleum Corp., marking their first purchase of this oil grade. The sale represents Exxon's strategic market expansion in Asia and supports India's crude import diversification efforts."
2025-10-17 14:01:02+00:00,https://www.fool.com/coverage/filings/2025/10/17/wealth-manager-loads-up-on-fixed-income-etf-according-to-recent-filing/?source=iedfolrf0000001,"Wealth Manager Loads Up on Fixed Income ETF, According to Recent Filing Burns Matteson Capital Management disclosed a new $2.56 million position in iShares 7-10 Year Treasury Bond ETF (IEF), representing 1.01% of their reportable assets, highlighting a strategic fixed-income investment approach."
